Дата;Базовый уровень;Изменение кол-ва магазинов;Развитие ecom;Уход конкурентов;Мобилизация;Скидки;COVID;Черная пятница;Площадь магазинов;Праздничные открытия;Праздничные открытия - блогеры;Изменение цен;SMS;Реклама GJ;Реклама конкурентов;COVID - Самоизоляция и закрытие магазинов;Отложенный спрос после самоизоляции
2019_01;1317099,244;0;0;0;0;214671,0187;0;0;0;0;0;0;0,397438064;2270,297789;-86185,44024;0;0
2019_02;1346517,675;0;-1167,537623;0;0;181827,8385;0;0;0;0;0;12796,37806;0,187797513;2311,240168;-119968,6718;0;0
2019_03;1206812,97;-7043,65547;-2154,527089;0;0;258802,0551;0;0;26,40747092;0;0;-35445,67025;21280,4014;1838,545133;-103937,7705;0;0
2019_04;1121001,182;-6542,808455;-3041,298636;0;0;222334,6803;0;0;35,17274918;0;0;-16325,90879;19767,19703;1859,050297;-72338,88569;0;0
2019_05;1050655,797;-6132,232279;-3849,393957;0;0;169884,8757;0;0;35,23851879;3172,604546;0;-394,0878655;12276,78178;5935,086424;-64000,5261;0;0
2019_06;1130329,725;-8796,340275;-5231,547239;0;0;160659,8947;0;0;28,57645163;4087,814237;0;13275,07043;10656,62762;7448,063034;-58959,73109;0;0
2019_07;1250377,698;-7297,924309;-7044,152306;0;0;157870,4599;0;0;31,67342988;4537,245866;0;21684,65689;42716,13946;3982,16376;-63016,32758;0;0
2019_08;1406055,391;-8358,100698;-9526,07496;0;0;168978,738;0;0;42,77683368;13840,21875;0;34304,86872;47359,31817;2047,840264;-71787,25056;0;0
2019_09;1179440,996;-4589,264574;-9091,058935;0;0;123130,3671;0;0;47,88760558;19784,76312;0;14883,30892;147282,8506;1900,271804;-70211,41725;0;0
2019_10;1451720,753;-8473,078328;-12710,50193;0;0;154218,0041;0;0;49,283863;17598,14817;0;11704,68553;172618,3627;2508,083327;-112385,7643;0;0
2019_11;1184685,745;-4609,672159;-11679,78882;0;0;115228,6578;0;0;40,29710804;6841,692097;0;9332,08441;358686,9859;2452,199657;-95497,55475;0;0
2019_12;1306565,314;-5083,911727;-14328,85632;0;0;110183,9221;0;0;44,32345702;5880,766177;0;13677,50703;293711,6838;4266,114316;-113807,1763;0;0
2019_13;1209346,443;-7058,442272;-14599,53819;0;0;85238,04916;0;0;16,81689279;1086,511816;0;3435,929866;415742,9794;5742,413876;-150517,2642;0;0
2019_14;1365414,272;-5312,895999;-18086,20031;0;0;111674,0487;0;0;19,02429286;4437,093419;0;24492,70545;193130,0747;8386,852223;-205220,6737;0;0
2019_15;1699455,33;-3306,333327;-24548,50896;0;0;121799,0727;0;0;23,80992012;11954,35544;0;9749,216058;98580,21509;85236,08563;-308775,2337;0;0
2019_16;1844872,651;-3589,246402;-28851,23994;0;0;143307,0021;0;0;39,56983516;8697,260591;0;9095,890859;74339,22431;154282,8132;-376573,0471;0;0
2019_17;1804468,919;3510,639921;-30528,58752;0;0;119157,7243;0;0;38,85412369;7482,101974;0;8048,968769;54173,32099;181352,0839;-373988,0263;0;0
2019_18;1902483,665;11526,91796;-35998,8232;0;0;129323,2561;0;0;28,84552242;35338,96264;0;-9337,147867;24651,04899;233814,9106;-305182,944;0;0
2019_19;2253446,644;13550,14083;-45251,30174;0;0;165135,8729;0;0;24,26492005;47347,85132;0;9049,62154;144102,8615;113601,2304;-331914,6119;0;0
2019_20;2199142,337;17113,94815;-45775,62911;0;0;165784,7144;0;0;2,200178113;15525,0082;0;-12605,24337;108987,2442;177401,5402;-385764,8306;0;0
2019_21;2142608,36;16673,99502;-47396,23386;0;0;194435,2883;0;0;2,30488134;3025,180481;0;-26604,75547;71635,6379;272403,2006;-319730,5719;0;0
2019_22;2352268,777;18305,5936;-55150,69479;0;0;172049,9723;0;0;2,530420637;664,2406259;0;-15201,9235;64267,54025;292956,398;-316288,4315;0;0
2019_23;2273554,385;13269,77268;-56252,12067;0;0;155912,4673;0;0;20,81188949;128,1547231;0;-3415,529088;17300,20542;318804,6238;-236270,7662;0;0
2019_24;2262792,847;8066,192175;-54005,50796;0;0;180157,2518;0;0;2,757910093;23,32491723;0;-27717,80199;56914,58536;134203,2283;-192037,2645;0;0
2019_25;2031708,874;7905,481999;-55725,55314;0;0;168471,9969;0;0;2,70296171;4,572038685;0;-16645,63208;70635,61738;28296,63502;-192281,7998;0;0
2019_26;1875637,42;7298,200079;-54060,46318;0;0;157987,297;0;0;2,495326075;0,844164925;0;-21241,5833;6944,109822;11597,5325;-168457,3173;0;0
2019_27;1908778,205;7427,152548;-57712,0241;0;0;201380,6859;0;0;2,539416187;0,171816108;0;-22100,93137;34295,22343;73515,47106;-132954,9625;0;0
2019_28;1936568,709;3767,643404;-61203,61464;0;0;202946,1107;0;0;12,22962735;0,034795962;0;-16750,14245;33295,80455;43922,99871;-106721,3381;0;0
2019_29;2036655,629;7924,730073;-67440,9863;0;0;251814,9907;0;0;12,88666052;5970,302693;0;-17004,01163;23525,4821;58130,31825;-97512,87751;0;0
2019_30;2060325,873;8016,832191;-71244,09408;0;0;242994,339;0;0;-13,77323017;13730,00182;0;-5829,223492;10116,81948;42040,64331;-92397,08181;0;0
2019_31;1958281,427;7619,77209;-70618,81808;0;0;214329,9446;0;0;-19,07245779;8771,315245;0;-26166,97515;9070,557693;171637,6109;-57954,20842;0;0
2019_32;2034715,723;3958,5909;-76278,08586;0;0;214312,2261;0;0;-30,16938206;1819,201809;0;-25677,92834;104831,0303;349265,9842;-58003,2844;0;0
2019_33;2157037,26;8393,14109;-84291,13658;0;0;188844,0632;0;0;-32,04518577;386,4624061;0;-27051,04606;166448,3939;561285,8034;-140246,0237;0;0
2019_34;2215713,781;25864,3632;-90677,34264;0;0;174659,387;0;0;-18,09356757;21911,11402;0;-28241,27127;121952,3617;717339,1545;-181095,6281;0;0
2019_35;1954803,439;30424,95625;-83370,12554;0;0;137702,1297;0;0;-10,73012643;35623,6447;0;-50055,586;25147,23676;634188,682;-213374,8129;0;0
2019_36;1651769,344;25708,47228;-73060,70137;0;0;129735,8223;0;0;-34,07217342;16504,85187;0;-21838,35994;31298,78203;375080,2121;-366433,4574;0;0
2019_37;1822370,635;24818,27713;-83360,36191;0;0;170938,5771;0;0;-24,31381036;3634,930855;0;-20643,86442;77357,08381;176461,4114;-346100,0485;0;0
2019_38;1841930,043;21501,12891;-87055,73705;0;0;160404,9531;0;0;-11,15488884;733,3785322;0;-50124,57307;59662,97923;85255,9447;-264304,0974;0;0
2019_39;1526932,673;14853,43067;-74503,6006;0;0;132916,0706;0;0;-9,482182666;121,3581533;0;-38571,81294;27841,27683;39988,25333;-243935,1044;0;0
2019_40;1552985,063;15106,85859;-78314,91012;0;0;195737,4049;0;0;-9,64396683;24,68575108;0;-27019,92396;29150,63408;43343,71923;-230934,5869;0;0
2019_41;1753986,616;23886,97726;-91698,11732;0;0;226374,6892;0;0;-10,93415107;5,597649521;0;-38084,42828;59551,95381;40613,7299;-218681,4146;0;0
2019_42;1724331,344;23483,11169;-93030,0409;0;0;204574,3959;0;0;3,797204126;1,100601617;0;-50441,6631;38842,68668;43519,96417;-183182,2055;0;0
2019_43;1501234,496;26286,20713;-83845,34791;0;0;205343,7681;0;0;-8,912449493;13589,46833;0;-43374,87124;49717,39385;31204,65705;-140742,4878;0;0
2019_44;1425201,853;27727,66251;-82188,10655;0;0;180205,7906;0;0;-28,1034876;19719,98844;0;-54292,86775;100334,6096;36882,9211;-135825,3678;0;0
2019_45;1483660,709;29045,99154;-80762,63542;0;0;178610,8726;0;0;-37,78333515;12068,3422;0;-40678,16238;41196,22251;24357,3192;-178806,8092;0;0
2019_46;1181790,716;27590,44474;-72518,03839;0;0;140233,3262;0;0;-32,53527127;10405,39092;0;-27287,34082;23722,65443;46789,55779;-164031,2902;0;0
2019_47;1101054,993;29989,82472;-69763,84304;0;0;140177,9123;0;0;-33,61908786;13609,57112;0;-34734,59596;209541,8108;63635,41738;-131244,8948;0;0
2019_48;1284305,172;37479,72292;-83816,89409;0;0;214128,7693;0;0;-45,84985829;15908,37372;0;-45264,46215;243117,8107;81231,19275;-158192,8186;0;0
2019_49;1436486,179;41920,80289;-96326,71795;0;0;235351,0319;0;0;-48,94498414;8120,731157;0;-65802,42776;85580,23403;109173,6683;-166553,4934;0;0
2019_50;1630510,907;53927,40353;-112709,4667;0;0;263829,3661;0;0;-55,76597472;17870,77234;0;-80024,26544;127734,5823;182445,5332;-171032,214;0;0
2019_51;1714886,372;60054,38658;-121904,7066;0;0;271050,1169;0;0;-42,85780752;20647,22001;0;-88626,23197;268700,7761;250749,7549;-161146,2171;0;0
2019_52;1610210,673;75184,93414;-118756,2238;0;0;260320,9532;0;0;-62,96903443;40706,53385;0;-64698,42197;47849,66464;256045,5;-132431,3725;0;0
2020_01;1425744,956;70331,166;-113916,1285;0;0;260535,8161;0;0;-44,1541805;42026,35855;0;-80854,57361;27179,87064;95622,91785;-163639,6366;0;0
2020_02;1368650,047;61782,815;-102569,3994;0;0;224039,0695;0;0;-38,78749238;7383,659005;0;-68966,64479;9452,435545;85046,71487;-159212,3821;0;0
2020_03;1207734,273;56392,26177;-95915,72329;0;0;205732,4524;0;0;-36,63842316;1347,886889;0;-65765,43765;22523,83905;46920,36734;-120158,6088;0;0
2020_04;1128882,617;52710,47237;-91812,33864;0;0;206537,4416;0;0;-34,24634038;251,9769641;0;-78483,45871;8788,471446;54195,19693;-95610,49971;0;0
2020_05;1051344,96;49090,03703;-87528,79143;0;0;194199,7318;0;0;-31,89411975;46,93396945;0;-74125,51871;32794,55076;40715,26159;-71043,7475;0;0
2020_06;1113285,792;51982,21595;-94839,87601;0;0;183348,2808;0;0;-33,7731874;9,939824384;0;-68172,98643;42179,64964;41780,46894;-59208,76606;0;0
2020_07;1235554,504;57691,26088;-107660,2407;0;0;196558,2956;0;0;-37,48239142;2,20629687;0;-55700,63644;99822,62568;67309,47377;-48470,7637;0;0
2020_08;1401835,696;66729,25025;-127322,824;0;0;230011,0613;0;0;-33,11265656;4502,921533;0;-40046,31438;84541,87795;88765,42428;-49978,06802;0;0
2020_09;1266971,608;54003,47231;-105316,5926;0;0;140480,4136;0;0;-22,63722765;4372,602932;0;-53492,24849;20266,76184;51749,00912;-35428,662;0;0
2020_10;1460767,889;68207,06098;-135904,7186;0;0;160164,6691;0;0;-28,59110166;1104,530439;0;-61793,4958;11684,42142;97538,95525;-74735,34812;0;0
2020_11;1180031,652;52384,99332;-102534,3223;0;0;116141,6781;0;0;-21,11962336;3411,507627;0;-52531,29903;4447,078915;86439,36805;-60771,30673;349559,0564;0
2020_12;1308639,573;63649,78469;-127201,5213;0;0;150520,3135;-30909,39321;0;-42,43379085;16171,7725;0;-43111,65274;2971,573368;93177,78903;-79585,50301;-254836,6309;0
2020_13;1215893,625;61504,3468;-120854,6487;0;0;134190,9085;-86316,18975;0;-52,18377358;24062,85508;0;-48252,41792;1579,493021;54839,21598;-128016,2638;-486291,012;0
2020_14;1288669,13;61504,3468;-8228,984332;0;0;9484,802058;-17160,03076;0;-11,10225983;1018,110972;0;-4731,752974;61,49966576;3543,263303;-8879,185596;-1319543,325;0
2020_15;1611832,501;61504,3468;-6793,371265;0;0;7040,88958;-12139,87695;0;-64,6540627;164,7962636;0;-4330,337484;3818,394915;3873,749464;-3883,155684;-1642782,023;0
2020_16;1828314,54;61504,3468;-17144,31984;0;0;16178,27021;-28762,52616;0;-354,8236209;81,56933421;0;-11878,19098;10207,22579;7488,352919;-7644,551111;-1808915,782;0
2020_17;1817881,512;61504,3468;-26066,5379;0;0;23216,92265;-42419,62745;0;-550,6291128;24,33116098;0;-14495,12115;1681,128555;17825,04198;-9714,98969;-1711435,677;0
2020_18;1862216,936;61504,3468;-47880,0551;0;0;41593,48133;-70640,12009;0;-642,6104044;8,770652735;0;-27461,81117;54067,21036;29249,21487;-14515,34891;-1638163,784;0
2020_19;2205707,273;61504,3468;-61588,14139;0;0;49709,5516;-86464,30686;0;-442,8899229;2,214593754;0;-31718,54663;1477,166042;46346,13264;-16983,10465;-1785385,675;0
2020_20;2279594,262;61504,3468;-87130,9417;0;0;66024,11296;-101966,4918;0;-653,2188079;0,615188255;0;-62474,9658;580,1084896;72239,22329;-22748,67193;-1567074,918;0
2020_21;2104860,197;61504,3468;-115121,8528;0;0;81768,1195;-123482,2131;0;-517,542341;0,159642375;0;-83939,82818;230,6670204;112371,8283;-30404,08693;-1202923,423;0
2020_22;2269900,93;61504,3468;-177437,7675;0;0;119523,934;-165437,9806;0;-1018,364827;0,04833978;0;-121577,1195;5215,357937;235715,595;-56805,16279;-750423,6953;0
2020_23;2323212,186;61504,3468;-209614,8495;0;0;132472,6594;-154137,5207;0;-661,3060146;0,011221726;0;-148230,8893;2950,777499;392833,1553;-21352,99834;-549650,0979;333969,5425
2020_24;2242517,556;61504,3468;-203030,7635;0;0;116707,5691;-120495,2051;0;-595,5277201;0,00213642;0;-139025,9482;2902,734925;555865,589;-12383,96518;-397899,4816;429178,2676
2020_25;2095506,714;61504,3468;-221252,6202;0;0;143480,2296;-108005,8505;0;-380,998967;0,000457727;0;-187766,6173;28129,99623;569931,548;-18794,52584;-285731,719;0
2020_26;1909609,03;61504,3468;-221587,9311;0;0;149077,5074;-97711,34855;0;-296,322757;9,0149E-05;0;-191973,5809;10179,7825;488793,0962;-20478,03992;-128377,8148;0
2020_27;1868900,138;61504,3468;-224062,1893;0;0;187780,2836;-73093,03345;0;-353,3818711;4833,900132;0;-158357,314;47042,33545;573505,38;-11970,48707;-97864,27167;333509,7876
2020_28;1909655,058;61504,3468;-239666,3441;0;0;213742,7086;-69671,22362;0;-181,4315753;6103,579012;0;-157739,8118;130438,4217;538162,3593;-13411,01007;-42927,93573;0
2020_29;1953154,438;64598,49309;-254889,3103;0;0;240371,3164;-63437,5404;0;-90,70528263;5711,22063;0;-200184,0401;47903,34035;487386,8187;-15689,59001;0;0
2020_30;2063872,979;68260,39036;-273677,2426;0;0;286933,5385;-67033,6267;0;-121,9977997;5892,166309;0;-231494,2929;54287,95922;422165,6784;-21107,88122;0;0
2020_31;1997883,479;93286,38813;-272684,9574;0;0;269311,37;-65745,74661;0;-68,78347101;1155,792674;0;-208376,9352;53244,78468;248295,1375;-24566,88257;0;0
2020_32;1958429,776;102874,7159;-273004,813;0;0;289032,2175;-60937,72629;0;-90,00414332;12456,52404;0;-191767,129;54078,1375;551450,7818;-29206,61913;0;0
2020_33;2078392,675;113219,8344;-294753,3487;0;0;273990,1691;-41136,49722;0;-119,6504417;21848,38049;0;-244752,9104;94472,79522;883701,4023;-60135,49188;0;0
2020_34;2182992,547;123164,9492;-314893,0272;0;0;259011,7129;-47615,15329;0;-104,3617995;17641,70231;0;-241675,3433;83690,41721;1027693,358;-83480,36302;0;419704,8944
2020_35;2166418,821;126444,6783;-317793,7467;0;0;229144,57;-35505,50445;0;-114,8381797;16481,14121;0;-241756,1177;15751,8291;1015341,564;-99139,68501;0;417285,4779
2020_36;1810048,398;112687,838;-270455,3105;0;0;185141,607;-36089,6981;0;-98,95613774;19441,61807;0;-176448,4942;0,017613202;672880,7609;-207438,9096;0;349924,8469
2020_37;1651485,068;102816,191;-250383,5523;0;0;149291,6684;-54331,49525;0;-69,22308225;13799,47045;0;-179295,7375;0,009640651;227609,7496;-180149,6335;0;0
2020_38;1877428,259;116882,6932;-288761,3077;0;0;203577,8538;-61764,70286;0;-70,51912584;3137,481079;0;-231777,2834;33091,85899;269047,8148;-125540,8397;0;0
2020_39;1747651,056;112203,2779;-273142,7758;0;0;220979,3069;-77673,4301;0;-64,22384871;26371,20838;0;-204183,3009;12296,28849;144077,1539;-133662,2901;0;0
2020_40;1487468,589;95498,95612;-235759,4142;0;0;178017,9377;-77251,85147;0;-51,83215918;31358,62467;0;-179061,095;42092,02915;133729,574;-185797,8445;0;0
2020_41;1593610,254;105413,9079;-256569,9543;0;0;217015,3184;-93280,09152;0;-60,9590369;17325,8414;0;-194707,7954;79232,19648;119955,3461;-219093,0817;0;0
2020_42;1766568,991;109980,9489;-287276,3524;0;0;229327,4306;-110071,1962;0;-82,31258269;9693,081829;0;-219571,4292;37641,21623;133878,58;-199261,8076;0;0
2020_43;1680473,22;104620,9008;-276987,3761;0;0;196907,4142;-118946,8679;0;-78,30098431;1844,135668;0;-193639,8999;13380,39958;115029,7329;-160434,0426;0;0
2020_44;1466710,783;91312,73356;-244995,9031;0;0;212840,33;-113320,7012;0;-59,29635212;9479,934778;0;-188854,6096;194246,024;174489,3062;-134135,7405;0;0
2020_45;1490816,817;89876,04319;-230804,5809;0;0;193578,2476;-113518,2281;0;-59,49609711;17847,3553;0;-192474,381;117639,1035;125379,3012;-142484,0609;0;0
2020_46;1400805,156;100836,1688;-242386,442;0;0;216562,2355;-111333,752;0;-66,63465762;28372,12584;0;-186294,7229;27130,38743;291538,8411;-178925,8355;0;0
2020_47;1152378,4;78469,34629;-201242,6898;0;0;173807,3468;-102808,2303;0;-34,63001876;18442,02158;0;-154476,5009;396351,0394;301700,8583;-140667,6382;0;0
2020_48;1108656,272;79805,99625;-196791,505;0;0;188901,7676;-97594,87081;0;-24,13798132;9360,263099;0;-132397,3645;374859,7306;299720,5429;-133793,4635;0;0
2020_49;1292363,232;95544,36349;-232712,254;0;0;207684,1492;-121788,3385;0;-38,70752339;12735,64809;0;-158665,0678;70739,36627;306498,7993;-130435,4108;0;0
2020_50;1443898,51;106747,3607;-263234,4377;0;0;259910,247;-134613,2786;0;-48,52039227;7066,112637;0;-180657,5228;132419,2366;379174,2363;-121652,3992;0;0
2020_51;1634476,176;124016,6749;-302187,6466;0;0;281054,0305;-137803,6195;0;-52,98543396;11255,39262;0;-185027,1066;119789,4286;389764,1159;-124271,415;0;0
2020_52;1712276,435;143244,9158;-322733,2451;0;0;285377,3961;-121898,2689;0;-64,21622472;33821,86645;0;-214197,7955;219550,7171;598291,8619;-119842,5953;0;0
2020_53;1482917,659;141015,9346;-308335,457;0;0;258101,2226;-144671,7379;0;-57,78918083;26457,96551;0;-216467,8992;213764,204;559529,2729;-79310,23073;0;0
2021_01;1624999,999;131325,8706;-290550,2951;0;0;257246,8444;-156164,853;0;-57,11469685;4927,9755;0;-211001,0255;35845,94811;231769,8596;-52219,5952;0;0
2021_02;1313048,666;114955,6225;-257309,2651;0;0;202552,1841;-156130,9418;0;-58,42634839;862,7370814;0;-152032,5356;0,000752267;115355,0154;-45854,7676;0;0
2021_03;1202272,48;105257,3183;-238325,7575;0;0;187634,4458;-144185,9702;0;-47,4065444;157,9903437;0;-137500,3147;63154,53249;95202,1603;-41341,26448;0;0
2021_04;1119867,007;95864,10178;-224125,1249;0;0;161237,2439;-120371,461;0;-50,05623061;3813,225041;0;-136334,1929;19974,34312;100225,6187;-35587,98334;0;0
2021_05;1050022,927;87842,38498;-212138,0074;0;0;142817,6751;-114263,6724;0;-46,45465062;7712,760634;0;-135483,1809;59024,22521;67391,73985;-40149,12395;0;0
2021_06;1128013,197;94366,86282;-230435,9788;0;0;152447,1261;-114146,5737;0;-52,9011707;5371,393898;0;-132315,5258;101410,0588;73318,82853;-62517,21336;0;0
2021_07;1245066,991;106581,6101;-257612,4282;0;0;157638,1592;-111629,7658;0;-58,49554955;5523,794047;0;-163474,2652;229371,6763;75821,03798;-73914,03352;0;0
2021_08;1462613,821;118636,934;-283938,6688;0;0;148943,5079;-126553,408;0;-59,95027377;10053,15456;0;-195696,4572;50852,20068;94488,04852;-59940,27484;0;0
2021_09;1177203,942;105352,882;-249763,1448;0;0;142968,462;-77035,36279;0;-57,98974356;5336,273985;0;-167176,1105;162860,9962;110064,8849;-61974,17857;0;0
2021_10;1444531,726;129277,1584;-309738,3226;0;0;160291,333;-122592,4226;0;-54,77928609;5633,892948;0;-237063,3438;137394,2172;147052,7847;-108250,7756;0;0
2021_11;1181055,094;105697,5376;-255902,622;0;0;123751,3065;-91778,76297;0;-44,78777014;4456,806664;0;-176750,2036;75757,73684;475411,9178;-107013,9952;0;0
2021_12;1304657,142;119297,443;-286126,9228;0;0;124435,8848;-84860,07397;0;-49,56333414;5482,894766;0;-218847,7537;139842,2436;582202,582;-177719,0095;0;0
2021_13;1203714,801;112409,1643;-267170,9032;0;0;116155,1387;-85845,02748;0;-52,04873946;9337,033301;0;-188017,0247;113181,6404;521744,4279;-189654,5077;0;0
2021_14;1360657,935;127065,3324;-305064,5907;0;0;141632,8909;-83773,55545;0;-51,79466125;6821,757909;0;-213660,5646;144861,2751;523336,5023;-163300,5974;0;0
2021_15;1692061,169;164597,3899;-384527,2437;0;0;165743,0411;-75797,49327;0;-65,30492289;13945,92968;0;-279249,1479;220308,6583;621487,6174;-189196,4869;0;0
2021_16;1830753,198;181650,6091;-420905,2869;0;0;164914,5526;-107652,3533;0;-59,38196853;16293,41359;0;-300905,8936;69467,71745;182704,893;-173748,1617;0;0
2021_17;1793005,592;184881,8995;-417728,751;0;0;195422,1862;-102093,4349;0;-69,10551442;3202,790495;0;-303952,3452;116992,967;124177,5112;-145270,4857;0;0
2021_18;1977008,472;203854,9592;-465044,7252;0;0;219762,0473;-111547,1593;0;-61,57038215;706,2938313;0;-357669,2735;221711,8494;324304,7907;-122613,4491;0;0
2021_19;2326177,604;235333,1428;-551424,9429;0;0;238006,7856;-87745,04258;0;-54,24480472;16679,97703;0;-383932,4827;268788,698;661585,4854;-98090,005;0;0
2021_20;2188005,678;221354,66;-523560,6636;0;0;222222,9583;-58790,70216;0;-67,75075996;18670,99074;0;-390638,6643;250382,3215;679649,8793;-36064,40121;0;0
2021_21;2133607,274;215851,3195;-515299,4396;0;0;233776,2753;-55124,07899;0;-66,06633414;3641,35816;0;-416506,2482;199731,7371;610117,0754;-33306,2159;0;0
2021_22;2342039,301;246050,8215;-572861,994;0;0;261964,5201;-57079,58407;0;-61,40759394;17771,27093;0;-480973,5939;183633,2327;657294,7847;-40526,65732;0;0
2021_23;2267520,942;233810,5252;-558693,0011;0;0;311588,4808;-48123,66003;0;-59,13784477;36154,47188;0;-452642,3021;236337,5025;656035,5641;-42048,73415;0;0
2021_24;2272397,087;216878,4985;-514111,7775;0;0;275977,9972;-56734,92564;0;-53,93433396;21477,91006;0;-382699,0796;344673,384;420832,6762;-43270,53343;0;0
2021_25;2022578,093;220358,7027;-509966,4673;0;0;280495,2528;-70517,25282;0;-60,20341782;32738,0759;0;-391943,5959;161358,99;312038,1341;-42929,62968;0;0
2021_26;1866285,728;192438,0225;-472187,8921;0;0;271207,3957;-82114,63129;0;-91,88000648;44117,26841;0;-376229,107;222923,01;151626,2909;-41661,68322;0;0
2021_27;1900030,783;207007,2449;-487456,5097;0;0;267563,4643;-75143,17008;0;-99,99316165;32479,73034;0;-370209,3841;222456,2211;117472,9561;-58957,50088;0;0
2021_28;1928722,616;217637,9605;-500804,1294;0;0;262152,4273;-69495,28177;0;-62,33135656;25196,6514;0;-369468,8728;209635,3209;83529,36517;-82794,5278;0;0
2021_29;2026385,321;232600,6496;-531539,9301;0;0;251809,584;-71021,83401;0;-42,76361474;12813,56627;0;-389067,0225;24239,20394;75103,61877;-105676,9557;0;0
2021_30;2055138,488;231902,7866;-542636,9414;0;0;266293,1118;-76196,6535;0;-68,06054744;22007,11055;0;-389524,5696;170018,0153;389282,8842;-182217,6362;0;0
2021_31;1955712,412;224488,3897;-521556,1899;0;0;247967,979;-58314,27724;0;-63,41428371;29952,51936;0;-399058,3848;686765,064;698150,9189;-138395,5628;0;0
2021_32;2028228,586;248596,1107;-549110,9747;0;0;249433,6112;-47009,51998;0;-45,24624235;28378,7365;0;-413503,3227;401251,1207;779281,5339;-98864,80765;0;0
2021_33;2149266,982;271794,4627;-588598,7303;0;0;265730,5172;-52259,73341;0;-48,46311417;59355,48842;0;-425958,3422;306421,707;869188,7741;-111012,1807;0;0
2021_34;2205154,462;291732,4969;-611861,0522;0;0;294946,0144;-41008,17782;0;-56,66460165;89705,53813;0;-446873,3215;467612,3078;938961,9887;-102171,1483;0;0
2021_35;1941932,314;264465,4902;-544924,0492;0;0;231016,7249;-26919,11087;0;-28,43560223;64115,87725;0;-390721,8524;72628,21641;677218,3994;-187792,4609;0;0
2021_36;1641316,277;220332,3407;-463346,9139;0;0;173091,8408;-48046,74248;0;-71,71258518;22888,29806;0;-339646,2;196816,3325;208901,491;-177002,5946;0;0
2021_37;1811076,669;260738,6644;-519606,4525;0;0;215188,0067;-51526,47814;0;-68,06199141;54354,3822;0;-387502,5452;162941,5276;124762,5294;-225833,014;0;0
2021_38;1830405,168;270643,5657;-530925,2955;0;0;214949,0324;-72957,74335;0;-52,20032653;85900,62274;0;-400622,4655;52288,31309;88493,78311;-166625,102;0;0
2021_39;1521278,849;224936,1722;-444557,5729;0;0;227888,3574;-55719,88084;0;-30,41569444;40939,68827;0;-364100,4878;135153,1144;87400,68284;-211309,8482;0;0
2021_40;1541213,583;239877,6005;-456781,9941;0;0;164372,0148;-55996,96681;0;-51,56296473;49846,41767;0;-347677,7517;424,761075;156682,0532;-240644,5056;-165375,9369;0
2021_41;1745763,234;268317,6956;-520297,9471;0;0;273501,6842;-68992,72906;0;-58,7698981;51335,4582;0;-374338,5369;149702,7327;278436,6534;-238315,0583;-187009,2468;0
2021_42;1714422,619;273507,1104;-517236,0031;0;0;304558,9315;-83955,10027;0;-58,00681883;34089,8874;0;-386071,6647;207862,2817;293078,5188;-202949,0968;-184581,084;0
2021_43;1486985,54;243009,31;-453320,6493;0;0;259661,2813;-98227,64391;0;-61,11348541;36285,45948;0;-337353,2913;203965,0743;119759,1266;-137365,8999;-321263,1916;0
2021_44;1497860,734;243009,31;-308621,2299;0;0;126754,8463;-109216,4397;0;-146,2354665;11331,76128;0;-237824,9794;18656,10124;66048,86706;-80454,59649;-792356,1416;0
2021_45;1420558,447;245972,1825;-442794,7291;0;0;245395,3147;-104008,4173;0;-96,050235;20240,04081;0;-330322,1142;113725,545;105079,7631;-117014,1433;0;0
2021_46;1176297,215;208254,9545;-370385,9475;0;0;209599,1805;-83811,30086;0;-70,83911016;46277,36501;0;-258292,3371;31682,67707;84934,67663;-98216,40149;0;0
2021_47;1095317,371;200310,9588;-348933,9368;0;0;225880,2555;-80252,37859;0;-73,71016652;44104,46417;0;-258494,8878;398297,1199;76642,41806;-94372,32157;0;0
2021_48;1274261,366;237994,3408;-409984,4913;0;0;250836,4839;-98637,84583;0;-77,6556408;33557,20251;0;-301336,638;116,7837807;102709,4019;-70346,67493;0;0
2021_49;1430198,939;275466,3326;-465454,7855;0;0;273574,9202;-100047,7593;0;-83,36360466;49245,28669;0;-345585,9396;99645,03911;101402,5376;-59479,55113;0;0
2021_50;1624488,711;328690,3228;-536450,3854;0;0;333640,2892;-82487,49401;0;-84,82783726;78610,45171;0;-387265,1489;195161,4606;184285,2563;-74144,64695;0;0
2021_51;1709284,728;375776,6037;-576331,9721;0;0;361157,3597;-81208,31011;0;-32,41819554;121622,0561;0;-435792,7461;172900,8662;235723,1199;-63446,18562;0;0
2021_52;1814929,117;353398,9516;-545427,9493;0;0;321176,651;-86493,95468;0;4,378009277;112392,2205;0;-407038,7924;128379,3003;89411,81299;-64777,80401;0;0
2022_01;1637676,595;326396,795;-510595,9838;0;0;340874,3543;-125841,2656;0;1,270858568;46860,57993;0;-433382,462;87801,76941;74094,35973;-123737,2349;0;0
2022_02;1309273,802;285289,2332;-449026,8158;0;0;284275,1571;-114481,8581;0;-43,49207505;8191,758692;0;-334795,8772;25260,67795;68224,93389;-91153,11753;0;0
2022_03;1199285,337;258989,6349;-413131,9921;0;0;276437,8302;-103328,4503;0;-30,68461024;1498,321033;0;-329393,0001;60688,83554;86199,73604;-75363,7896;0;0
2022_04;1114743,136;242901,2281;-386917,0609;0;0;249142,327;-110213,7224;0;-21,36005599;278,9853966;0;-319952,2962;19484,46182;59658,39468;-61945,52811;0;0
2022_05;1045383,026;223720,1029;-363810,3565;0;0;210322,1699;-108981,1914;0;-14,08543611;52,15817177;0;-303792,7593;58,96384291;62577,55272;-48849,768;0;0
2022_06;1125810,622;243122,5273;-394703,2351;0;0;236628,1555;-100209,8438;0;-15,1934228;16949,93128;0;-359420,0848;71850,78743;29560,01554;-45839,37913;0;0
2022_07;1242621,614;268348,2474;-438145,8993;0;0;243682,7633;-87918,65459;0;-21,41391485;27578,26794;0;-401441,7672;125929,5715;24515,66407;-42179,89553;0;0
2022_08;1388928,308;312296,1602;-505309,6276;0;0;251216,8452;-95949,18624;0;13,5111331;33671,39222;0;-440728,0214;160165,8374;83233,34531;-62392,50873;0;0
2022_09;1173052,081;255606,6792;-418922,5787;95906,0976;0;186621,5248;-78436,44773;0;20,85124531;27163,52448;0;-356971,3816;17808,62863;20383,46112;-58766,51411;0;0
2022_10;1442873,864;314400,5306;-518099,2696;153355,9549;0;184328,1635;-115443,946;0;37,59303099;16269,76346;0;-475730,0923;4824,620151;32251,29909;-82525,29439;0;0
2022_11;1178098,742;252122,2988;-423945,051;268830,7265;0;125231,2236;-105367,4238;0;44,93985308;6521,202108;0;-360657,8081;37202,77663;49024,40452;-114222,4174;0;0
2022_12;1299059,578;275481,5059;-469200,4626;295957,7656;0;121333,0592;-122649,4575;0;36,09379979;5866,995527;0;-403521,4343;85751,38422;6354,251036;-153145,3379;0;0
2022_13;1202716,514;252710,8629;-435971,5677;273568,6219;0;131721,6346;-123615,4236;0;76,95896512;5180,563771;0;-368140,2305;128259,4449;29203,38192;-110840,5429;0;0
2022_14;1360151,949;283144,4719;-494779,8836;308881,3254;0;175710,1285;-128005,1798;0;113,6398787;1169,855953;0;-400157,2679;101029,7217;62204,85899;-90362,23401;0;0
2022_15;1692170,837;358845,5666;-620667,7702;385518,192;0;202136,0121;-139553,4838;0;97,065993;292,0220257;0;-518749,8823;22647,13815;70043,30099;-95967,54869;0;0
2022_16;1834465,072;403296,796;-680555,3165;420619,7025;0;195051,7542;-160660,401;0;111,5535847;63,72213822;0;-562979,564;914,6923441;25964,49648;-152687,0415;0;0
2022_17;1762392,539;401478,2256;-671103,5755;412753,2903;0;210120,0404;-136016,7141;0;132,9914262;12,50608189;0;-536130,9655;58455,41725;94374,73819;-186537,4915;0;0
2022_18;1901331,456;421844,5018;-734869,1955;449800,6103;0;237154,3902;-163945,9528;0;278,4640984;2,725716983;0;-615511,1313;23434,63395;195995,0636;-194749,4509;0;0
2022_19;2281775,341;492589,9896;-868699,926;529203,7018;0;274855,1822;-186281,5273;0;353,3157162;0,641377306;0;-704123,5933;74921,40572;326379,1757;-194678,718;0;0
2022_20;2194520,086;461105,3877;-823213,3564;499163,2098;0;283586,2035;-164491,8192;0;346,4969014;0,120993845;0;-643579,8702;153591,9619;235518,1239;-210102,3837;0;0
2022_21;2138453,316;457645,6512;-808455,042;487974,342;0;254263,5755;-152277,1724;0;338,730087;12879,21961;0;-601854,2536;25899,52403;183610,0363;-149930,7885;0;0
2022_22;2346618,957;497629,312;-889728,2745;534617,5918;0;239842,4403;-148147,3979;0;392,8134154;16932,31691;0;-616755,8218;0,829583744;163650,8298;-89426,43282;0;0
2022_23;2267747,923;480903,7425;-863636,8331;502810,0199;0;234004,0436;-135429,2743;0;379,6107605;3272,642657;0;-593108,1047;78866,35758;123167,7115;-73783,13276;0;0
2022_24;2293591,992;422171,2449;-785397,2829;455275,4342;0;230547,9181;-130801,1518;0;391,4046586;592,6508016;0;-552508,7323;155598,0104;86551,29019;-106623,8786;0;0
2022_25;2026056,978;409941,4896;-772024,0178;445616,4646;0;249530,3394;-124596,8478;0;357,0581472;116,0154646;0;-550586,5382;154033,6431;163501,038;-121329,7223;0;0
2022_26;1870342,366;374796,2328;-714525,7677;410702,5264;0;231861,8219;-121155,8931;0;368,0323621;21,3851364;0;-495120,5203;24105,83692;424304,4347;-61234,378;0;0
2022_27;1901827,869;381105,5846;-729550,783;410719,9114;0;213992,3464;-126409,2359;0;374,2278503;4,349027123;0;-498430,1206;0,001618038;83127,41871;-142857,4774;0;0
2022_28;1931275,547;387006,5785;-743845,5324;417079,45;0;225239,0396;-117488,0211;0;380,0223502;0,883273389;0;-553226,8996;72587,11383;183606,2638;-148975,5317;0;0
2022_29;2029447,637;406679,1957;-784760,7601;438280,7547;0;294112,2173;-141750,6722;0;399,3399397;0,185634525;0;-652614,2656;145463,3485;205139,7472;-191848,4842;0;0
2022_30;2054563,511;415709,3486;-798858,7335;444423,9269;0;309874,0894;-144896,6973;0;355,7521472;16543,05931;0;-618182,6241;198949,2471;256837,6184;-194032,7125;0;0
2022_31;1951676,421;398688,763;-762983,0537;339227,8631;0;257417,1012;-136760,4676;0;359,9231245;18888,03016;0;-591161,9212;26915,95968;359697,7214;-88093,42043;0;0
2022_32;2029072,793;418446,9185;-797493,3684;353250,1619;0;258835,2287;-129780,1251;0;423,3394759;12262,17227;0;-652208,7644;122759,0839;571025,3564;-131163,6263;0;0
2022_33;2149371,317;443255,5633;-847869,7081;374193,4583;0;245276,9227;-121658,8105;0;455,3136711;11420,01878;0;-726730,779;130037,1552;764524,2196;-148727,3405;0;0
2022_34;2205903,24;454913,8977;-873291,5503;384035,3481;0;223473,6092;-122361,4603;0;467,2891531;2344,076728;0;-736591,9235;88242,17759;852215,9022;-168890,7019;0;0
2022_35;1944044,047;400911,8074;-772326,5477;338447,1354;0;191694,0182;-102334,2866;0;411,8180164;413,1630371;0;-633726,2872;129694,3649;639746,7651;-228052,6053;0;0
2022_36;1644085,633;339052,6792;-655402,8288;282232,2104;0;176321,6622;-120976,1902;0;348,2761026;69,88271837;0;-475104,8042;90564,4663;229928,2254;-244935,8318;0;0
2022_37;1811248,276;377049,7385;-725634,2139;311429,7081;-9605,989531;207191,1881;-139652,5665;0;388,0444193;15,42244562;0;-513428,9906;96295,65726;167702,2972;-277998,2641;0;0
2022_38;1831502,244;381266,0313;-736156,5328;314912,2165;-242835,1708;204297,2427;-163019,3418;0;378,5019951;3,118980885;0;-545327,0163;17394,5658;156989,3169;-277700,5966;0;0
2022_39;1521948,307;310903,837;-611718,4602;260844,0918;-78445,43763;156047,0622;-141910,6282;0;310,7459389;0,516694935;0;-446802,7504;1,04504E-08;118940,5744;-202086,5611;0;0
2022_40;1544488,408;315508,3324;-622720,5903;260961,3442;-28576,94968;179227,7062;-144012,329;0;315,3480958;0,104869441;0;-470524,935;1,01142E-08;93432,80625;-149158,3917;0;0
2022_41;1745602,684;356591,9879;-705956,302;294942,2089;-27684,06296;214617,7867;-162764,7748;0;370,3776545;0,023704986;0;-556842,1614;1,12671E-08;66966,25519;-117447,7979;0;0
2022_42;1720873,879;361584,3948;-701410,0507;292173,152;-27424,15188;279085,7537;-161236,6622;0;381,3190706;0,004696486;0;-513882,8989;74214,93839;71308,5832;-98657,42332;0;0
2022_43;1494503,191;314020,1258;-610910,3717;253739,5177;-21831,94602;256877,2263;-140026,9416;0;307,479693;0,000815738;0;-426932,4337;64452,40619;88482,13561;-80861,09689;0;0
2022_44;1502776,339;281787,99;-553998,1217;226159,7074;-8973,791141;185085,1253;-126624,5143;0;283,7325466;0,000147532;0;-425150,6042;8,70863E-09;193704,3193;-121037,5589;0;0
2022_45;1414338,94;294424,6431;-580432,1202;236301,7357;0;251873,3024;-132302,9326;0;296,4564025;3,08297E-05;0;-408191,7561;42518,43998;308620,5169;-152466,6534;0;0
2022_46;1176602,601;244934,7828;-484156,7997;196581,7592;0;213690,3439;-110064,1227;0;246,6250235;5,1295E-06;0;-339167,6552;82083,25495;302355,2656;-130700,7805;0;0
2022_47;1101681,974;231481,8156;-455235,7219;184360,7394;0;378661,6896;-103221,6983;1748583,666;231,2929331;9,62122E-07;0;-319353,5465;311836,5033;125169,7255;-126691,65;0;0
2022_48;1266197,282;258658,9778;-522003,6469;207798,6187;0;137888,1304;-118063,7023;0;281,1661572;2,20093E-07;0;-376653,636;8,11985E-09;60872,82659;-100441,9403;0;0
2022_49;1423994,761;321368,4676;-598947,7467;237848,037;0;189701,021;-135136,7011;0;321,8251353;5,0384E-08;0;-480786,6401;41994,62111;39571,54374;-98708,88137;0;0
2022_50;1619966,135;371898,8404;-685153,8582;271439,8737;0;218746,4512;-154222,3747;0;364,6081562;13273,82517;0;-547946,3199;96769,87979;32534,68158;-103330,7605;0;0
2022_51;1705516,421;394856,9147;-724129,6943;286226,7674;0;199766,7635;-162623,7559;0;398,6677897;68857,21544;0;-576256,3158;1,11845E-08;31505,575;-110526,0202;0;0
2022_52;1275658,505;394198,657;-622381,2873;243652,7423;0;159899,9195;-139465,2574;0;552,4105196;104901,0795;0;-473190,3273;9,59175E-09;44831,01;-81496,90492;0;0
2023_01;1639998,245;323985,2866;-631662,1179;246760,1856;0;272075,935;-141243,9378;0;643,9186371;70309,23172;0;-632205,0376;2301,436503;52422,13625;-69720,36271;0;0
2023_02;1308337,215;277448,9425;-550222,0128;212908,1712;0;196670,3004;-122781,2678;0;557,4009332;25616,14287;0;-502438,8114;60391,22568;42575,45802;-199568,3795;0;0
2023_03;1197215,893;251555,0903;-503674,6936;194512,4688;0;155476,5377;-112172,7146;0;517,1315162;16915,82904;0;-433281,4118;7,7147E-09;25660,55273;-170194,991;0;0
2023_04;1116041,273;234498,9445;-470414,9216;181323,974;0;124695,7806;-104567,0876;0;489,630342;9412,973853;0;-414017,8569;7,19162E-09;8718,058571;-137569,4208;0;0
2023_05;1047327,115;218023,3489;-441572,8625;212357,962;0;105356,9024;-97971,17563;0;473,4680601;7628,220844;0;-387450,2171;6,73799E-09;5516,54033;-95283,34287;0;0
2023_06;1125551,939;232117,715;-474663,6083;227851,468;0;149422,085;-105119,0922;0;549,1132188;19416,68187;0;-445791,9385;7,22959E-09;7934,96716;-64403,45737;0;0
2023_07;1242977,665;256333,9153;-525129,2701;251622,5826;0;167869,8056;-116085,8769;0;616,4751018;23923,11168;0;-495609,8629;7,98383E-09;32384,6277;-41381,49273;0;0
2023_08;1477341,855;315658,229;-652916,2136;312303,0212;0;196487,2082;-144080,7486;0;775,2515128;12729,67167;0;-604057,7388;68203,46809;176581,1441;-41582,17699;0;0
2023_09;1172056,44;239427,872;-496091,4893;236882,9351;0;126900,2611;-109285,7523;0;588,5827027;12587,05657;0;-440622,1877;7,51615E-09;244155,4221;-51099,75215;0;0
2023_10;1443776,391;294934,8658;-612127,5396;291799,9317;0;140913,0243;-134621,6647;0;728,9549917;9882,018383;0;-548426,6098;9,25863E-09;370493,2859;-81052,22115;0;0
2023_11;1178622,786;240769,2463;-500526,9522;238210,0516;0;109322,8413;-109898,0165;0;595,0803524;1613,431569;0;-451362,0506;7,55826E-09;262851,7367;-69735,64478;0;0
2023_12;1301560,622;270947,4448;-555405,8876;263906,8131;0;110161,4352;-121753,1968;0;717,9737441;19078,25624;0;-505789,7731;8,3736E-09;234567,5739;-75260,76984;0;0
2023_13;1202846,94;271459,6207;-521530,4207;247426,1049;0;94211,81882;-114149,8353;0;706,0631979;86598,47064;0;-465427,8395;7,85068E-09;230514,0144;-60084,38254;0;0
2023_14;1358372,738;306558,8281;-589853,5001;279417,8248;0;106749,6871;-128909,1896;0;1117,851137;123355,566;0;-507120,1835;8,86575E-09;292323,7;-96714,4798;0;0
2023_15;1688811,999;384418,2956;-735584,9521;347940,7269;0;125650,2008;-160522,1756;0;1401,012224;67906,46873;0;-633140,4592;1,10399E-08;188411,8322;-111441,6554;0;0
2023_16;1835593,355;424972,0023;-803195,7076;379380,3107;0;135713,2932;-175026,8024;0;1507,814206;50465,73774;0;-692810,4377;1,20375E-08;289630,8559;-152846,3939;0;0
2023_17;1759940,919;421910,4586;-787795,317;371592,0091;0;160283,4042;-171433,6757;0;1508,762074;44811,18879;0;-672732,1365;20246,21853;571042,1054;-175373,4216;0;0
2023_18;1917820,351;464017,8108;-867579,9752;408677,498;0;163326,2278;-188543,0363;0;1672,854385;9856,683711;0;-694621,8138;41410,58042;507691,5554;-229734,8145;0;0
2023_19;2277210,908;545915,5408;-1022029,254;480807,8314;0;236873,9444;-221820,3078;0;2060,348715;39303,78701;0;-821421,2504;19332,0067;628308,437;-285258,1759;0;0
2023_20;2191400,201;524401,2154;-970044,5245;455780,4896;0;226602,858;-210273,9637;0;1953,102018;63938,37764;0;-777134,7705;1,44616E-08;741534,1674;-199140,1839;0;0
2023_21;2134729,859;514993,1956;-947587,5247;444690,8614;0;209801,3713;-205157,7726;0;1934,533859;64612,24485;0;-731647,6727;1,41098E-08;802594,7074;-210068,4233;0;0
2023_22;2342449,165;560547,1737;-1039373,121;487196,5544;0;251085,3289;-224767,74;0;2186,775594;48372,35519;0;-791391,8834;1,54584E-08;721101,4448;-233088,8259;0;0
2023_23;2264877,012;550796,9387;-1009239,762;472541,6387;0;284532,0077;-218006,7064;0;2125,030417;29946,06627;0;-797280,7171;64081,19531;767865,7399;-218856,3567;0;0
2023_24;2298897,893;513947,7024;-924961,6484;432615,1333;0;255829,1118;-199586,6451;0;1955,980523;71397,51627;0;-738511,8423;22156,46495;622328,3199;-184600,8698;0;0
2023_25;2021226,936;507272,908;-908220,0159;424346,5261;0;262669,1594;-195771,9298;0;1938,224991;83635,57202;0;-751364,8816;57545,47407;208270,1622;-193907,9641;0;0
2023_26;1867303,172;504971,0912;-852946,8702;398127,9038;0;231498,3262;-183675,9894;0;1885,641703;139974,8573;0;-680919,1442;20390,19504;207065,7232;-158354,9533;0;0
2023_27;1897752,837;505821,2814;-865015,6917;403380,8149;0;180996,0783;-186099,4158;0;2341,994579;143154,1156;0;-647857,2399;1,2799E-08;253088,9498;-198792,5784;0;0
2023_28;1926349,438;517191,0943;-880188,5792;410088,1948;0;201222,5711;-189193,8601;0;2380,937054;49354,34244;0;-763401,9336;1,30118E-08;255861,5905;-172626,0252;0;0
2023_29;2029063,296;548715,5605;-929333,8876;432616,7967;0;369434,9412;-199587,4125;0;2515,172387;29223,81488;46326,88722;-828448,8119;118201,2582;285676,4744;-208446,1126;0;0
2023_30;2049631,101;566240,4987;-943827,3997;439009,727;0;370365,3686;-202536,7858;0;2525,030446;44736,30814;55871,33097;-787309,3685;119947,9597;252249,5828;-226030,3579;0;0
2023_31;1947730,833;538089,0628;-897585,5473;417183,7463;0;290820,273;-192467,3871;0;2464,772034;137291,5212;34510,8464;-695120,5938;1,3237E-08;479160,5616;-221336,2074;0;0
2023_32;2021840,438;558562,9225;-932403,0755;433057,2551;0;229849,5764;-199790,6177;0;2697,733719;133332,6557;23285,57178;-769439,0422;1,37406E-08;621454,5048;-220981,2461;0;0
2023_33;2143720,578;592234,0898;-989269,5855;459162,7174;0;180902,7349;-211834,3518;0;2873,042366;28274,03711;16048,02387;-847764,4604;1,45689E-08;849049,4714;-176189,3639;0;0
2023_34;2201285,494;608137,2375;-1016464,334;471492,5253;0;140232,9984;-217522,6988;0;2950,191619;5806,654874;10711,32294;-905259,997;1,49602E-08;847308,8567;-238974,3833;0;0
2023_35;2302561,623;536254,8869;-896830,9964;415761,6985;0;109534,1059;-191811,3265;0;2617,995915;28763,07296;6139,402909;-793591,6885;47336,04694;425338,4119;-218099,3202;0;0
2023_36;1638864,759;443194,9445;-754128,2492;349422,526;0;103834,6029;-161205,8024;0;2273,495996;47454,27858;3353,867593;-685751,6168;1,1087E-08;247030,6686;-228321,4075;0;0
2023_37;1806315,047;488478,1938;-831578,0562;385124,6195;0;114409,6651;-177676,9346;0;2565,929491;51062,34233;18264,7461;-795094,4922;1,22198E-08;131368,9797;-239692,6723;0;0
2023_38;1832546,476;499137,1725;-845309,2661;391315,7673;0;179093,1034;-180533,2157;0;2703,566784;51626,61564;44296,90262;-765557,7941;3282,911224;40829,34841;-252592,2514;0;0
2023_39;1522266,26;426471,4814;-706748,5458;327047,7129;0;160822,8257;-150883,2003;0;2285,321416;51303,9112;24064,14777;-607311,9225;1412,825545;25231,58007;-214856,7143;0;0
2023_40;1544960,059;426817,7596;-715342,2417;330914,4234;0;147165,2499;-152667,1041;0;2366,311506;35280,8421;15826,62904;-657738,6869;4979,043474;17556,2085;-152441,9113;0;0
2023_41;1744184,528;478463,0709;-806355,4123;373016,7474;0;162067,6069;-172090,9775;0;2681,752886;16038,02943;11596,16573;-785280,2443;2802,297746;22286,4149;-161655,5409;0;0
2023_42;1715366,856;467220,5445;-791821,9533;366293,6282;0;183504,8909;-168989,2719;0;2646,59604;11088,19116;7401,654406;-747443,26;1,16223E-08;31426,89313;-191714,7724;0;0
2023_43;1493344,357;403842,1511;-688281,2236;318396,106;0;172600,5031;-146891,7884;0;2298,153675;15783,88212;4181,966444;-643936,8424;1,01025E-08;34746,04711;-170316,0759;0;0
2023_44;1421073,136;384297,9881;-654971,4753;302987,1514;0;192779,7334;-139782,8795;0;2199,601667;16189,65083;2586,725621;-603233,8571;61381,84096;29073,57598;-216377,2387;0;0
2023_45;1508154,792;362930,1917;-622081,8092;287772,525;0;248897,7162;-132763,6239;0;2118,839969;18886,72715;1596,940874;-525817,0931;55094,12036;47238,24971;-224826,0746;0;0
2023_46;1173910,395;310606,6416;-538568,6637;249139,6822;0;202157,7753;-114940,3928;0;1861,402255;22832,56596;898,6607466;-515800,9917;393765,926;32124,17193;-191853,4479;0;0
2023_47;1095686,333;283514,1679;-500360,826;231464,8913;0;239556,8922;-106786,1422;633137,9686;1795,995048;27295,37501;542,6894126;-449951,2971;37147,25432;22187,85445;-175151,2583;0;0
2023_48;1271424,391;328987,2452;-580614,1223;268589,7411;0;246311,1211;-123913,6618;0;2149,821244;38668,9124;409,3256874;-534208,6241;15820,85406;67390,1888;-146660,5988;0;0
2023_49;1425046,925;360420,4285;-647750,5767;299646,7929;0;239565,7336;-138241,8078;0;2444,726209;30193,10015;296,8264307;-590047,46;65,71456997;209614,865;-193594,2279;0;0
2023_50;1625060,992;411007,644;-738666,339;341704,0563;0;351280,0643;-157644,8926;0;2666,763806;48572,59599;220,0170953;-665644,5221;81647,90892;280047,9982;-220305,3752;0;0
2023_51;1707853,021;428624,5909;-775093,7604;358555,2339;0;368272,5109;-165419,1699;0;2915,609792;102266,9521;150,0637225;-715107,9111;165746,6595;303340,8938;-216459,8396;0;0
2023_52;1838251,842;405607,1429;-728960,5136;337214,1808;0;309773,0928;-155573,4921;0;2793,981944;108887,4237;55646,61606;-672087,7244;75323,91124;296816,0908;-174636,5924;0;0
